Site,SampleDate,Location,Wsair,Time,Elapsed_Time,Et_Units,Temp,Ractual,Rblank,
Zamo,7/7/2015,4-7F,60,11:09:00 AM,0,s,22.1,,1.0030,
Zamo,7/7/2015,4-7F,60,NA,30,s,,1.0100,,
Zamo,7/7/2015,4-7F,60,NA,60,s,,1.0100,,
Zamo,7/7/2015,4-7F,60,NA,3,m,,1.0080,,
Zamo,7/7/2015,4-7F,60,NA,10,m,,1.0070,,
Zamo,7/7/2015,4-7F,60,NA,30,m,,1.0070,,
Zamo,7/7/2015,4-7F,60,NA,60,m,21.9,1.0065,1.0030,
Zamo,7/7/2015,4-7F,60,NA,90,m,,1.0065,,
Zamo,7/7/2015,4-7F,60,NA,120,m,21.8,1.0064,1.0030,
Zamo,7/7/2015,4-7F,60,NA,1440,m,21,1.0055,1.0030,
Zamo,7/7/2015,0-15,60,11:22:00 AM,0,s,22.1,,1.0030,
Zamo,7/7/2015,0-15,60,NA,30,s,,1.01,,
Zamo,7/7/2015,0-15,60,NA,60,s,,1.0095,,
Zamo,7/7/2015,0-15,60,NA,3,m,,1.0085,,
Zamo,7/7/2015,0-15,60,NA,10,m,,1.0075,,
Zamo,7/7/2015,0-15,60,NA,30,m,,1.007,,
Zamo,7/7/2015,0-15,60,NA,60,m,21.9,1.007,1.0030,
Zamo,7/7/2015,0-15,60,NA,90,m,,1.007,,
Zamo,7/7/2015,0-15,60,NA,120,m,21.8,1.007,1.0030,
Zamo,7/7/2015,0-15,60,NA,1440,m,21,1.0055,1.0030,
Zamo,7/7/2015,15-30,60,11:42:00 AM,0,s,22.1,,1.0030,
Zamo,7/7/2015,15-30,60,NA,30,s,,1.009,,
Zamo,7/7/2015,15-30,60,NA,60,s,,1.0085,,
Zamo,7/7/2015,15-30,60,NA,3,m,,1.0075,,
Zamo,7/7/2015,15-30,60,NA,10,m,,1.0075,,
Zamo,7/7/2015,15-30,60,NA,30,m,,1.0065,,
Zamo,7/7/2015,15-30,60,NA,60,m,21.9,1.006,1.0030,
Zamo,7/7/2015,15-30,60,NA,90,m,,1.0059,,
Zamo,7/7/2015,15-30,60,NA,120,m,21.8,1.0055,1.0030,
Zamo,7/7/2015,15-30,60,NA,1440,m,21,1.0043,1.0030,
RICH,7/8/2015,4-7F,60,12:30:00 PM,0,s,23.4,,1.0020,
RICH,7/8/2015,4-7F,60,NA,30,s,,1.021,,
RICH,7/8/2015,4-7F,60,NA,60,s,,1.02,,
RICH,7/8/2015,4-7F,60,NA,3,m,,1.0175,,
RICH,7/8/2015,4-7F,60,NA,10,m,,1.015,,
RICH,7/8/2015,4-7F,60,NA,30,m,,1.0135,,
RICH,7/8/2015,4-7F,60,NA,60,m,22.5,1.0125,1.0020,
RICH,7/8/2015,4-7F,60,NA,90,m,,1.012,,
RICH,7/8/2015,4-7F,60,NA,120,m,21.5,1.011,1.0025,
RICH,7/8/2015,4-7F,60,NA,1440,m,21.5,1.009,1.0025,
RICH,7/8/2015,0-15,60,12:41:00 PM,0,s,23.4,,1.0020,
RICH,7/8/2015,0-15,60,NA,30,s,,1.0205,,
RICH,7/8/2015,0-15,60,NA,60,s,,1.02,,
RICH,7/8/2015,0-15,60,NA,3,m,,1.017,,
RICH,7/8/2015,0-15,60,NA,10,m,,1.0145,,
RICH,7/8/2015,0-15,60,NA,30,m,,1.0125,,
RICH,7/8/2015,0-15,60,NA,60,m,22.5,1.012,1.0020,
RICH,7/8/2015,0-15,60,NA,90,m,,1.011,,
RICH,7/8/2015,0-15,60,NA,120,m,21.5,1.011,1.0025,
RICH,7/8/2015,0-15,60,NA,1440,m,21.5,1.0083,1.0025,
RICH,7/8/2015,15-30,60,12:52:00 PM,0,s,23.4,,1.0020,
RICH,7/8/2015,15-30,60,NA,30,s,,1.0205,,
RICH,7/8/2015,15-30,60,NA,60,s,,1.0195,,
RICH,7/8/2015,15-30,60,NA,3,m,,1.018,,
RICH,7/8/2015,15-30,60,NA,10,m,,1.0155,,
RICH,7/8/2015,15-30,60,NA,30,m,,1.013,,
RICH,7/8/2015,15-30,60,NA,60,m,22.5,1.0122,1.0020,
RICH,7/8/2015,15-30,60,NA,90,m,,1.012,,
RICH,7/8/2015,15-30,60,NA,120,m,21.5,1.0115,1.0025,
RICH,7/8/2015,15-30,60,NA,1440,m,21.5,1.0083,1.0025,
LULE,7/9/2015,4-7F,60,1:41:00 AM,0,s,21,,1.0030,
LULE,7/9/2015,4-7F,60,NA,30,s,,1.01,,
LULE,7/9/2015,4-7F,60,NA,60,s,,1.01,,
LULE,7/9/2015,4-7F,60,NA,3,m,,1.008,,
LULE,7/9/2015,4-7F,60,NA,10,m,,1.008,,
LULE,7/9/2015,4-7F,60,NA,30,m,,1.007,,
LULE,7/9/2015,4-7F,60,NA,60,m,20.6,1.0062,1.0030,
LULE,7/9/2015,4-7F,60,NA,90,m,,1.006,,
LULE,7/9/2015,4-7F,60,NA,120,m,21,1.0057,1.0030,
LULE,7/9/2015,4-7F,60,NA,1440,m,21.8,1.0053,1.0030,
LULE,7/9/2015,0-15,60,1:54:00 AM,0,s,21,,1.0030,
LULE,7/9/2015,0-15,60,NA,30,s,,1.0105,,
LULE,7/9/2015,0-15,60,NA,60,s,,1.01,,
LULE,7/9/2015,0-15,60,NA,3,m,,1.0095,,
LULE,7/9/2015,0-15,60,NA,10,m,,1.009,,
LULE,7/9/2015,0-15,60,NA,30,m,,1.0075,,
LULE,7/9/2015,0-15,60,NA,60,m,20.6,1.0072,1.0030,
LULE,7/9/2015,0-15,60,NA,90,m,,1.0068,,
LULE,7/9/2015,0-15,60,NA,120,m,21,1.0065,1.0030,
LULE,7/9/2015,0-15,60,NA,1440,m,21.8,1.006,1.0030,
LULE,7/9/2015,15-30,60,2:01:00 AM,0,s,21,,1.0030,
LULE,7/9/2015,15-30,60,NA,30,s,,1.0105,,
LULE,7/9/2015,15-30,60,NA,60,s,,1.0095,,
LULE,7/9/2015,15-30,60,NA,3,m,,1.0085,,
LULE,7/9/2015,15-30,60,NA,10,m,,1.0079,,
LULE,7/9/2015,15-30,60,NA,30,m,,1.0075,,
LULE,7/9/2015,15-30,60,NA,60,m,20.6,1.007,1.0030,
LULE,7/9/2015,15-30,60,NA,90,m,,1.0066,,
LULE,7/9/2015,15-30,60,NA,120,m,21,1.0063,1.0030,
LULE,7/9/2015,15-30,60,NA,1440,m,21.8,1.0055,1.0030,
RASM,7/10/2015,4-7F,60,2:46:00 AM,0,s,20,,1.0030,
RASM,7/10/2015,4-7F,60,NA,30,s,,1.024,,
RASM,7/10/2015,4-7F,60,NA,60,s,,1.0215,,
RASM,7/10/2015,4-7F,60,NA,3,m,,1.0205,,
RASM,7/10/2015,4-7F,60,NA,10,m,,1.0166,,
RASM,7/10/2015,4-7F,60,NA,30,m,,1.0141,,
RASM,7/10/2015,4-7F,60,NA,60,m,20.5,1.013,1.0035,
RASM,7/10/2015,4-7F,60,NA,90,m,,1.012,,
RASM,7/10/2015,4-7F,60,NA,120,m,20.5,1.0116,1.0035,
RASM,7/10/2015,4-7F,60,NA,1440,m,21,1.009,1.0035,
RASM,7/10/2015,0-15,60,2:58:00 AM,0,s,20,,1.0030,
RASM,7/10/2015,0-15,60,NA,30,s,,1.022,,
RASM,7/10/2015,0-15,60,NA,60,s,,1.0205,,
RASM,7/10/2015,0-15,60,NA,3,m,,1.0175,,
RASM,7/10/2015,0-15,60,NA,10,m,,1.015,,
RASM,7/10/2015,0-15,60,NA,30,m,,1.013,,
RASM,7/10/2015,0-15,60,NA,60,m,20.5,1.0117,1.0035,
RASM,7/10/2015,0-15,60,NA,90,m,,1.0115,,
RASM,7/10/2015,0-15,60,NA,120,m,20.5,1.0115,1.0035,
RASM,7/10/2015,0-15,60,NA,1440,m,21,1.0095,1.0035,
RASM,7/10/2015,15-30,60,3:04:00 AM,0,s,20,,1.0030,
RASM,7/10/2015,15-30,60,NA,30,s,,1.022,,
RASM,7/10/2015,15-30,60,NA,60,s,,1.0205,,
RASM,7/10/2015,15-30,60,NA,3,m,,1.018,,
RASM,7/10/2015,15-30,60,NA,10,m,,1.0155,,
RASM,7/10/2015,15-30,60,NA,30,m,,1.013,,
RASM,7/10/2015,15-30,60,NA,60,m,20.5,1.0123,1.0035,
RASM,7/10/2015,15-30,60,NA,90,m,,1.012,,
RASM,7/10/2015,15-30,60,NA,120,m,20.5,1.011,1.0035,
RASM,7/10/2015,15-30,60,NA,1440,m,21,1.0103,1.0035,
RACO,7/13/2015,4-7F,60,10:35:00 AM,0,s,21,,1.0030,
RACO,7/13/2015,4-7F,60,NA,30,s,,1.0155,,
RACO,7/13/2015,4-7F,60,NA,60,s,,1.015,,
RACO,7/13/2015,4-7F,60,NA,3,m,,1.013,,
RACO,7/13/2015,4-7F,60,NA,10,m,,1.0107,,
RACO,7/13/2015,4-7F,60,NA,30,m,,1.0095,,
RACO,7/13/2015,4-7F,60,NA,60,m,21,1.009,1.0030,
RACO,7/13/2015,4-7F,60,NA,90,m,,1.0086,,
RACO,7/13/2015,4-7F,60,NA,120,m,20.5,1.0081,1.0030,
RACO,7/13/2015,4-7F,60,NA,1440,m,20.5,1.0055,1.0030,
RACO,7/13/2015,0-15,60,10:47:00 AM,0,s,21,,1.0030,
RACO,7/13/2015,0-15,60,NA,30,s,,1.011,,
RACO,7/13/2015,0-15,60,NA,60,s,,1.0095,,
RACO,7/13/2015,0-15,60,NA,3,m,,1.008,,
RACO,7/13/2015,0-15,60,NA,10,m,,1.0071,,
RACO,7/13/2015,0-15,60,NA,30,m,,1.0065,,
RACO,7/13/2015,0-15,60,NA,60,m,21,1.0065,1.0030,
RACO,7/13/2015,0-15,60,NA,90,m,,1.006,,
RACO,7/13/2015,0-15,60,NA,120,m,20.5,1.0056,1.0030,
RACO,7/13/2015,0-15,60,NA,1440,m,20.5,1.0045,1.0030,
RACO,7/13/2015,15-30,60,10:53:00 AM,0,s,21,,1.0030,
RACO,7/13/2015,15-30,60,NA,30,s,,1.012,,
RACO,7/13/2015,15-30,60,NA,60,s,,1.0106,,
RACO,7/13/2015,15-30,60,NA,3,m,,1.0099,,
RACO,7/13/2015,15-30,60,NA,10,m,,1.0082,,
RACO,7/13/2015,15-30,60,NA,30,m,,1.0075,,
RACO,7/13/2015,15-30,60,NA,60,m,21,1.0064,1.0030,
RACO,7/13/2015,15-30,60,NA,90,m,,1.0064,,
RACO,7/13/2015,15-30,60,NA,120,m,20.5,1.0062,1.0030,
RACO,7/13/2015,15-30,60,NA,1440,m,20.5,1.0057,1.0030,
RIGO,7/14/2015,4-7F,60,1:09:00 AM,0,s,20.5,,1.0035,
RIGO,7/14/2015,4-7F,60,NA,30,s,,1.024,,
RIGO,7/14/2015,4-7F,60,NA,60,s,,1.022,,
RIGO,7/14/2015,4-7F,60,NA,3,m,,1.019,,
RIGO,7/14/2015,4-7F,60,NA,10,m,,1.016,,
RIGO,7/14/2015,4-7F,60,NA,30,m,,1.0145,,
RIGO,7/14/2015,4-7F,60,NA,60,m,21,1.0135,1.0035,
RIGO,7/14/2015,4-7F,60,NA,90,m,,1.0132,,
RIGO,7/14/2015,4-7F,60,NA,120,m,21,1.0132,1.0035,
RIGO,7/14/2015,4-7F,60,NA,1440,m,21,1.0105,1.0030,
RIGO,7/14/2015,0-15,60,1:14:00 AM,0,s,20.5,,1.0035,
RIGO,7/14/2015,0-15,60,NA,30,s,,1.02,,
RIGO,7/14/2015,0-15,60,NA,60,s,,1.019,,
RIGO,7/14/2015,0-15,60,NA,3,m,,1.0155,,
RIGO,7/14/2015,0-15,60,NA,10,m,,1.0125,,
RIGO,7/14/2015,0-15,60,NA,30,m,,1.011,,
RIGO,7/14/2015,0-15,60,NA,60,m,21,1.01,1.0035,
RIGO,7/14/2015,0-15,60,NA,90,m,,1.0096,,
RIGO,7/14/2015,0-15,60,NA,120,m,21,1.0095,1.0035,
RIGO,7/14/2015,0-15,60,NA,1440,m,21,1.0075,1.0030,
RIGO,7/14/2015,15-30,60,1:35:00 AM,0,s,20.5,,1.0035,
RIGO,7/14/2015,15-30,60,NA,30,s,,1.02,,
RIGO,7/14/2015,15-30,60,NA,60,s,,1.0185,,
RIGO,7/14/2015,15-30,60,NA,3,m,,1.014,,
RIGO,7/14/2015,15-30,60,NA,10,m,,1.012,,
RIGO,7/14/2015,15-30,60,NA,30,m,,1.01,,
RIGO,7/14/2015,15-30,60,NA,60,m,21,1.009,1.0035,
RIGO,7/14/2015,15-30,60,NA,90,m,,1.0085,,
RIGO,7/14/2015,15-30,60,NA,120,m,21,1.0082,1.0035,
RIGO,7/14/2015,15-30,60,NA,1440,m,21,1.0065,1.0030,
TOSA,7/15/2015,4-7F,60,4:48:00 AM,0,s,20,,1.0032,
TOSA,7/15/2015,4-7F,60,NA,30,s,,1.0496,,
TOSA,7/15/2015,4-7F,60,NA,60,s,,1.039,,
TOSA,7/15/2015,4-7F,60,NA,3,m,,1.0355,,
TOSA,7/15/2015,4-7F,60,NA,10,m,,1.032,,
TOSA,7/15/2015,4-7F,60,NA,30,m,,1.0272,,
TOSA,7/15/2015,4-7F,60,NA,60,m,20.5,1.0245,1.0032,
TOSA,7/15/2015,4-7F,60,NA,90,m,,1.0232,,
TOSA,7/15/2015,4-7F,60,NA,120,m,21,1.0222,1.0031,
TOSA,7/15/2015,4-7F,60,NA,1440,m,21,1.0165,1.0035,
TOSA,7/15/2015,0-15,60,5:00:00 AM,0,s,20,,1.0032,
TOSA,7/15/2015,0-15,60,NA,30,s,,1.04,,
TOSA,7/15/2015,0-15,60,NA,60,s,,1.039,,
TOSA,7/15/2015,0-15,60,NA,3,m,,1.037,,
TOSA,7/15/2015,0-15,60,NA,10,m,,1.0325,,
TOSA,7/15/2015,0-15,60,NA,30,m,,1.0259,,
TOSA,7/15/2015,0-15,60,NA,60,m,20.5,1.024,1.0032,
TOSA,7/15/2015,0-15,60,NA,90,m,,1.0225,,
TOSA,7/15/2015,0-15,60,NA,120,m,21,1.0216,1.0031,
TOSA,7/15/2015,0-15,60,NA,1440,m,21,1.016,1.0035,
TOSA,7/15/2015,15-30,60,5:05:00 AM,0,s,20,,1.0032,
TOSA,7/15/2015,15-30,60,NA,30,s,,1.04,,
TOSA,7/15/2015,15-30,60,NA,60,s,,1.0395,,
TOSA,7/15/2015,15-30,60,NA,3,m,,1.036,,
TOSA,7/15/2015,15-30,60,NA,10,m,,1.04,,
TOSA,7/15/2015,15-30,60,NA,30,m,,1.0265,,
TOSA,7/15/2015,15-30,60,NA,60,m,20.5,1.0235,1.0032,
TOSA,7/15/2015,15-30,60,NA,90,m,,1.022,,
TOSA,7/15/2015,15-30,60,NA,120,m,21,1.0212,1.0031,
TOSA,7/15/2015,15-30,60,NA,1440,m,21,1.0154,1.0035,
BEMA,7/16/2015,4-7F,60,5:41:00 AM,0,s,20.9,,1.0031,
BEMA,7/16/2015,4-7F,60,NA,30,s,,1.0206,,
BEMA,7/16/2015,4-7F,60,NA,60,s,,1.019,,
BEMA,7/16/2015,4-7F,60,NA,3,m,,1.0162,,
BEMA,7/16/2015,4-7F,60,NA,10,m,,1.0152,,
BEMA,7/16/2015,4-7F,60,NA,30,m,,1.0131,,
BEMA,7/16/2015,4-7F,60,NA,60,m,21,1.0122,1.0032,
BEMA,7/16/2015,4-7F,60,NA,90,m,,1.0116,,
BEMA,7/16/2015,4-7F,60,NA,120,m,21,1.0105,1.0033,
BEMA,7/16/2015,4-7F,60,NA,1440,m,21.5,1.0085,1.0032,
BEMA,7/16/2015,0-15,60,5:46:00 AM,0,s,20.9,,1.0031,
BEMA,7/16/2015,0-15,60,NA,30,s,,1.02,,
BEMA,7/16/2015,0-15,60,NA,60,s,,1.0183,,
BEMA,7/16/2015,0-15,60,NA,3,m,,1.016,,
BEMA,7/16/2015,0-15,60,NA,10,m,,1.013,,
BEMA,7/16/2015,0-15,60,NA,30,m,,1.0111,,
BEMA,7/16/2015,0-15,60,NA,60,m,21,1.0101,1.0032,
BEMA,7/16/2015,0-15,60,NA,90,m,,1.01,,
BEMA,7/16/2015,0-15,60,NA,120,m,21,1.0096,1.0033,
BEMA,7/16/2015,0-15,60,NA,1440,m,21.5,1.008,1.0032,
BEMA,7/16/2015,15-30,60,5:57:00 AM,0,s,20.9,,1.0031,
BEMA,7/16/2015,15-30,60,NA,30,s,,1.0195,,
BEMA,7/16/2015,15-30,60,NA,60,s,,1.018,,
BEMA,7/16/2015,15-30,60,NA,3,m,,1.0155,,
BEMA,7/16/2015,15-30,60,NA,10,m,,1.012,,
BEMA,7/16/2015,15-30,60,NA,30,m,,1.0103,,
BEMA,7/16/2015,15-30,60,NA,60,m,21,1.0094,1.0032,
BEMA,7/16/2015,15-30,60,NA,90,m,,1.0089,,
BEMA,7/16/2015,15-30,60,NA,120,m,21,1.008,1.0033,
BEMA,7/16/2015,15-30,60,NA,1440,m,21.5,1.006,1.0032,
BLAK,7/17/2015,4-7F,60,11:21:00 AM,0,s,21.2,,1.0030,
BLAK,7/17/2015,4-7F,60,NA,30,s,,1.015,,
BLAK,7/17/2015,4-7F,60,NA,60,s,,1.014,,
BLAK,7/17/2015,4-7F,60,NA,3,m,,1.0125,,
BLAK,7/17/2015,4-7F,60,NA,10,m,,1.0106,,
BLAK,7/17/2015,4-7F,60,NA,30,m,,1.01,,
BLAK,7/17/2015,4-7F,60,NA,60,m,21.2,1.0095,1.0030,
BLAK,7/17/2015,4-7F,60,NA,90,m,,1.0094,,
BLAK,7/17/2015,4-7F,60,NA,120,m,21.2,1.009,1.0030,
BLAK,7/17/2015,4-7F,60,NA,1440,m,21,1.0079,1.0030,
BLAK,7/17/2015,0-15,60,11:25:00 AM,0,s,21.2,,1.0030,
BLAK,7/17/2015,0-15,60,NA,30,s,,1.019,,
BLAK,7/17/2015,0-15,60,NA,60,s,,1.018,,
BLAK,7/17/2015,0-15,60,NA,3,m,,1.014,,
BLAK,7/17/2015,0-15,60,NA,10,m,,1.012,,
BLAK,7/17/2015,0-15,60,NA,30,m,,1.01,,
BLAK,7/17/2015,0-15,60,NA,60,m,21.2,1.0093,1.0030,
BLAK,7/17/2015,0-15,60,NA,90,m,,1.009,,
BLAK,7/17/2015,0-15,60,NA,120,m,21.2,1.0085,1.0030,
BLAK,7/17/2015,0-15,60,NA,1440,m,21,1.0065,1.0030,
BLAK,7/17/2015,15-30,60,11:37:00 AM,0,s,21.2,,1.0030,
BLAK,7/17/2015,15-30,60,NA,30,s,,1.012,,
BLAK,7/17/2015,15-30,60,NA,60,s,,1.0105,,
BLAK,7/17/2015,15-30,60,NA,3,m,,1.01,,
BLAK,7/17/2015,15-30,60,NA,10,m,,1.008,,
BLAK,7/17/2015,15-30,60,NA,30,m,,1.0075,,
BLAK,7/17/2015,15-30,60,NA,60,m,21.2,1.007,1.0030,
BLAK,7/17/2015,15-30,60,NA,90,m,,1.0065,,
BLAK,7/17/2015,15-30,60,NA,120,m,21.2,1.0065,1.0030,
BLAK,7/17/2015,15-30,60,NA,1440,m,21,1.005,1.0030,
DEAN,7/27/2015,4-7F,60,9:52:00 AM,0,s,21,,1.0030,
DEAN,7/27/2015,4-7F,60,NA,30,s,,1.01,,
DEAN,7/27/2015,4-7F,60,NA,60,s,,1.01,,
DEAN,7/27/2015,4-7F,60,NA,3,m,,1.008,,
DEAN,7/27/2015,4-7F,60,NA,10,m,,1.0075,,
DEAN,7/27/2015,4-7F,60,NA,30,m,,1.007,,
DEAN,7/27/2015,4-7F,60,NA,60,m,21,1.007,1.0030,
DEAN,7/27/2015,4-7F,60,NA,90,m,,1.0075,,
DEAN,7/27/2015,4-7F,60,NA,120,m,22,1.0065,1.0030,
DEAN,7/27/2015,4-7F,60,NA,1440,m,21,1.0055,1.0005,
DEAN,7/27/2015,0-15,60,10:00:00 AM,0,s,21,,1.0030,
DEAN,7/27/2015,0-15,60,NA,30,s,,1.011,,
DEAN,7/27/2015,0-15,60,NA,60,s,,1.0105,,
DEAN,7/27/2015,0-15,60,NA,3,m,,1.0105,,
DEAN,7/27/2015,0-15,60,NA,10,m,,1.009,,
DEAN,7/27/2015,0-15,60,NA,30,m,,1.0085,,
DEAN,7/27/2015,0-15,60,NA,60,m,21,1.008,1.0030,
DEAN,7/27/2015,0-15,60,NA,90,m,,1.008,,
DEAN,7/27/2015,0-15,60,NA,120,m,22,1.0075,1.0030,
DEAN,7/27/2015,0-15,60,NA,1440,m,21,1.006,1.0005,
DEAN,7/27/2015,15-30,60,10:09:00 AM,0,s,21,,1.0030,
DEAN,7/27/2015,15-30,60,NA,30,s,,1.011,,
DEAN,7/27/2015,15-30,60,NA,60,s,,1.01,,
DEAN,7/27/2015,15-30,60,NA,3,m,,1.008,,
DEAN,7/27/2015,15-30,60,NA,10,m,,1.008,,
DEAN,7/27/2015,15-30,60,NA,30,m,,1.008,,
DEAN,7/27/2015,15-30,60,NA,60,m,21,1.0075,1.0030,
DEAN,7/27/2015,15-30,60,NA,90,m,,1.0075,,
DEAN,7/27/2015,15-30,60,NA,120,m,22,1.0075,1.0030,
DEAN,7/27/2015,15-30,60,NA,1440,m,21,1.007,1.0005,
HIGH,7/28/2015,4-7F,60,10:37:00 AM,0,s,21,,1.0025,
HIGH,7/28/2015,4-7F,60,NA,30,s,,1.019,,
HIGH,7/28/2015,4-7F,60,NA,60,s,,1.017,,
HIGH,7/28/2015,4-7F,60,NA,3,m,,1.016,,
HIGH,7/28/2015,4-7F,60,NA,10,m,,1.014,,
HIGH,7/28/2015,4-7F,60,NA,30,m,,1.0125,,
HIGH,7/28/2015,4-7F,60,NA,60,m,20,1.0115,1.0025,
HIGH,7/28/2015,4-7F,60,NA,90,m,,1.011,,
HIGH,7/28/2015,4-7F,60,NA,120,m,21,1.0105,1.0025,
HIGH,7/28/2015,4-7F,60,NA,1440,m,20,1.0085,1.0025,
HIGH,7/28/2015,0-15,60,10:42:00 AM,0,s,21,,1.0025,
HIGH,7/28/2015,0-15,60,NA,30,s,,1.022,,
HIGH,7/28/2015,0-15,60,NA,60,s,,1.02,,
HIGH,7/28/2015,0-15,60,NA,3,m,,1.019,,
HIGH,7/28/2015,0-15,60,NA,10,m,,1.017,,
HIGH,7/28/2015,0-15,60,NA,30,m,,1.015,,
HIGH,7/28/2015,0-15,60,NA,60,m,20,1.013,1.0025,
HIGH,7/28/2015,0-15,60,NA,90,m,,1.0125,,
HIGH,7/28/2015,0-15,60,NA,120,m,21,1.012,1.0025,
HIGH,7/28/2015,0-15,60,NA,1440,m,20,1.009,1.0025,
HIGH,7/28/2015,15-30,60,10:44:00 AM,0,s,21,,1.0025,
HIGH,7/28/2015,15-30,60,NA,30,s,,1.022,,
HIGH,7/28/2015,15-30,60,NA,60,s,,1.021,,
HIGH,7/28/2015,15-30,60,NA,3,m,,1.019,,
HIGH,7/28/2015,15-30,60,NA,10,m,,1.0175,,
HIGH,7/28/2015,15-30,60,NA,30,m,,1.0155,,
HIGH,7/28/2015,15-30,60,NA,60,m,20,1.014,1.0025,
HIGH,7/28/2015,15-30,60,NA,90,m,,1.0135,,
HIGH,7/28/2015,15-30,60,NA,120,m,21,1.013,1.0025,
HIGH,7/28/2015,15-30,60,NA,1440,m,20,1.0105,1.0025,
SWAN,7/29/2015,4-7F,60,11:04:00 AM,0,s,20,,1.0030,
SWAN,7/29/2015,4-7F,60,NA,30,s,,1.0225,,
SWAN,7/29/2015,4-7F,60,NA,60,s,,1.0225,,
SWAN,7/29/2015,4-7F,60,NA,3,m,,1.0205,,
SWAN,7/29/2015,4-7F,60,NA,10,m,,1.016,,
SWAN,7/29/2015,4-7F,60,NA,30,m,,1.0135,,
SWAN,7/29/2015,4-7F,60,NA,60,m,20,1.012,1.0030,
SWAN,7/29/2015,4-7F,60,NA,90,m,,1.011,,
SWAN,7/29/2015,4-7F,60,NA,120,m,21,1.0105,1.0030,
SWAN,7/29/2015,4-7F,60,NA,1440,m,21.5,1.0075,1.0030,
SWAN,7/29/2015,0-15,60,11:08:00 AM,0,s,20,,1.0030,
SWAN,7/29/2015,0-15,60,NA,30,s,,1.028,,
SWAN,7/29/2015,0-15,60,NA,60,s,,1.0255,,
SWAN,7/29/2015,0-15,60,NA,3,m,,1.0165,,
SWAN,7/29/2015,0-15,60,NA,10,m,,1.0205,,
SWAN,7/29/2015,0-15,60,NA,30,m,,1.019,,
SWAN,7/29/2015,0-15,60,NA,60,m,20,1.0175,1.0030,
SWAN,7/29/2015,0-15,60,NA,90,m,,1.0165,,
SWAN,7/29/2015,0-15,60,NA,120,m,21,1.016,1.0030,
SWAN,7/29/2015,0-15,60,NA,1440,m,21.5,1.0115,1.0030,
SWAN,7/29/2015,15-30,60,11:12:00 AM,0,s,20,,1.0030,
SWAN,7/29/2015,15-30,60,NA,30,s,,1.026,,
SWAN,7/29/2015,15-30,60,NA,60,s,,1.0255,,
SWAN,7/29/2015,15-30,60,NA,3,m,,1.0225,,
SWAN,7/29/2015,15-30,60,NA,10,m,,1.0205,,
SWAN,7/29/2015,15-30,60,NA,30,m,,1.019,,
SWAN,7/29/2015,15-30,60,NA,60,m,20,1.018,1.0030,
SWAN,7/29/2015,15-30,60,NA,90,m,,1.017,,
SWAN,7/29/2015,15-30,60,NA,120,m,21,1.0165,1.0030,
SWAN,7/29/2015,15-30,60,NA,1440,m,21.5,1.0105,1.0030,
JACS,8/3/2015,4-7F,60,10:19:00 AM,0,s,20,,1.0040,
JACS,8/3/2015,4-7F,60,NA,30,s,,1.0205,,
JACS,8/3/2015,4-7F,60,NA,60,s,,1.0195,,
JACS,8/3/2015,4-7F,60,NA,3,m,,1.017,,
JACS,8/3/2015,4-7F,60,NA,10,m,,1.0145,,
JACS,8/3/2015,4-7F,60,NA,30,m,,1.012,,
JACS,8/3/2015,4-7F,60,NA,60,m,21,1.011,1.0035,
JACS,8/3/2015,4-7F,60,NA,90,m,,1.011,,
JACS,8/3/2015,4-7F,60,NA,120,m,21,1.011,1.0040,
JACS,8/3/2015,4-7F,60,NA,1440,m,19.5,1.007,1.0040,
JACS,8/3/2015,0-15,60,10:24:00 AM,0,s,20,,1.0040,
JACS,8/3/2015,0-15,60,NA,30,s,,1.026,,
JACS,8/3/2015,0-15,60,NA,60,s,,1.0255,,
JACS,8/3/2015,0-15,60,NA,3,m,,1.0215,,
JACS,8/3/2015,0-15,60,NA,10,m,,1.02,,
JACS,8/3/2015,0-15,60,NA,30,m,,1.017,,
JACS,8/3/2015,0-15,60,NA,60,m,21,1.0155,1.0035,
JACS,8/3/2015,0-15,60,NA,90,m,,1.015,,
JACS,8/3/2015,0-15,60,NA,120,m,21,1.014,1.0040,
JACS,8/3/2015,0-15,60,NA,1440,m,19.5,1.01,1.0040,
JACS,8/3/2015,15-30,60,10:29:00 AM,0,s,20,,1.0040,
JACS,8/3/2015,15-30,60,NA,30,s,,1.027,,
JACS,8/3/2015,15-30,60,NA,60,s,,1.026,,
JACS,8/3/2015,15-30,60,NA,3,m,,1.0225,,
JACS,8/3/2015,15-30,60,NA,10,m,,1.019,,
JACS,8/3/2015,15-30,60,NA,30,m,,1.017,,
JACS,8/3/2015,15-30,60,NA,60,m,21,1.016,1.0035,
JACS,8/3/2015,15-30,60,NA,90,m,,1.014,,
JACS,8/3/2015,15-30,60,NA,120,m,21,1.014,1.0040,
JACS,8/3/2015,15-30,60,NA,1440,m,19.5,1.0105,1.0040,
TOMR,8/4/2015,4-7F,60,9:24:00 AM,0,s,19.5,,1.0040,
TOMR,8/4/2015,4-7F,60,NA,30,s,,1.027,,
TOMR,8/4/2015,4-7F,60,NA,60,s,,1.025,,
TOMR,8/4/2015,4-7F,60,NA,3,m,,1.0225,,
TOMR,8/4/2015,4-7F,60,NA,10,m,,1.02,,
TOMR,8/4/2015,4-7F,60,NA,30,m,,1.018,,
TOMR,8/4/2015,4-7F,60,NA,60,m,19,1.017,1.0035,
TOMR,8/4/2015,4-7F,60,NA,90,m,,1.017,,
TOMR,8/4/2015,4-7F,60,NA,120,m,19.5,1.016,1.0040,
TOMR,8/4/2015,4-7F,60,NA,1440,m,20,1.014,1.0040,
TOMR,8/4/2015,0-15,60,9:29:00 AM,0,s,19.5,,1.0040,
TOMR,8/4/2015,0-15,60,NA,30,s,,1.0275,,
TOMR,8/4/2015,0-15,60,NA,60,s,,1.025,,
TOMR,8/4/2015,0-15,60,NA,3,m,,1.024,,
TOMR,8/4/2015,0-15,60,NA,10,m,,1.022,,
TOMR,8/4/2015,0-15,60,NA,30,m,,1.0205,,
TOMR,8/4/2015,0-15,60,NA,60,m,19,1.019,1.0035,
TOMR,8/4/2015,0-15,60,NA,90,m,,1.0185,,
TOMR,8/4/2015,0-15,60,NA,120,m,19.5,1.018,1.0040,
TOMR,8/4/2015,0-15,60,NA,1440,m,20,1.015,1.0040,
TOMR,8/4/2015,15-30,60,9:33:00 AM,0,s,19.5,,1.0040,
TOMR,8/4/2015,15-30,60,NA,30,s,,1.026,,
TOMR,8/4/2015,15-30,60,NA,60,s,,1.025,,
TOMR,8/4/2015,15-30,60,NA,3,m,,1.024,,
TOMR,8/4/2015,15-30,60,NA,10,m,,1.022,,
TOMR,8/4/2015,15-30,60,NA,30,m,,1.0205,,
TOMR,8/4/2015,15-30,60,NA,60,m,19,1.0205,1.0035,
TOMR,8/4/2015,15-30,60,NA,90,m,,1.019,,
TOMR,8/4/2015,15-30,60,NA,120,m,19.5,1.0185,1.0040,
TOMR,8/4/2015,15-30,60,NA,1440,m,20,1.015,1.0040,
CRYS,8/5/2015,4-7F,60,10:07:00 AM,0,s,22,,1.0040,
CRYS,8/5/2015,4-7F,60,NA,30,s,,1.017,,
CRYS,8/5/2015,4-7F,60,NA,60,s,,1.0155,,
CRYS,8/5/2015,4-7F,60,NA,3,m,,1.014,,
CRYS,8/5/2015,4-7F,60,NA,10,m,,1.0125,,
CRYS,8/5/2015,4-7F,60,NA,30,m,,1.0115,,
CRYS,8/5/2015,4-7F,60,NA,60,m,21.5,1.0105,1.0035,
CRYS,8/5/2015,4-7F,60,NA,90,m,,1.01,,
CRYS,8/5/2015,4-7F,60,NA,120,m,22,1.01,1.0035,
CRYS,8/5/2015,4-7F,60,NA,1440,m,23,1.0065,1.0045,
CRYS,8/5/2015,0-15,60,10:10:00 AM,0,s,22,,1.0040,
CRYS,8/5/2015,0-15,60,NA,30,s,,1.015,,
CRYS,8/5/2015,0-15,60,NA,60,s,,1.0135,,
CRYS,8/5/2015,0-15,60,NA,3,m,,1.0125,,
CRYS,8/5/2015,0-15,60,NA,10,m,,1.0105,,
CRYS,8/5/2015,0-15,60,NA,30,m,,1.009,,
CRYS,8/5/2015,0-15,60,NA,60,m,21.5,1.008,1.0035,
CRYS,8/5/2015,0-15,60,NA,90,m,,1.0075,,
CRYS,8/5/2015,0-15,60,NA,120,m,22,1.0075,1.0035,
CRYS,8/5/2015,0-15,60,NA,1440,m,23,1.0055,1.0045,
CRYS,8/5/2015,15-30,60,10:13:00 AM,0,s,22,,1.0040,
CRYS,8/5/2015,15-30,60,NA,30,s,,1.0155,,
CRYS,8/5/2015,15-30,60,NA,60,s,,1.0155,,
CRYS,8/5/2015,15-30,60,NA,3,m,,1.0135,,
CRYS,8/5/2015,15-30,60,NA,10,m,,1.012,,
CRYS,8/5/2015,15-30,60,NA,30,m,,1.0105,,
CRYS,8/5/2015,15-30,60,NA,60,m,21.5,1.01,1.0035,
CRYS,8/5/2015,15-30,60,NA,90,m,,1.0095,,
CRYS,8/5/2015,15-30,60,NA,120,m,22,1.009,1.0035,
CRYS,8/5/2015,15-30,60,NA,1440,m,23,1.0065,1.0045,
JUDY,8/11/2015,4-7F,60,9:18:00 AM,0,s,22,,1.0045,
JUDY,8/11/2015,4-7F,60,NA,30,s,,1.017,,
JUDY,8/11/2015,4-7F,60,NA,60,s,,1.0155,,
JUDY,8/11/2015,4-7F,60,NA,3,m,,1.014,,
JUDY,8/11/2015,4-7F,60,NA,10,m,,1.0115,,
JUDY,8/11/2015,4-7F,60,NA,30,m,,1.009,,
JUDY,8/11/2015,4-7F,60,NA,60,m,22,1.0085,1.0035,
JUDY,8/11/2015,4-7F,60,NA,90,m,,1.0075,,
JUDY,8/11/2015,4-7F,60,NA,120,m,22,1.0075,1.0035,
JUDY,8/11/2015,4-7F,60,NA,1440,m,21.5,1.006,1.0035,
JUDY,8/11/2015,0-15,60,9:22:00 AM,0,s,22,,1.0045,
JUDY,8/11/2015,0-15,60,NA,30,s,,1.011,,
JUDY,8/11/2015,0-15,60,NA,60,s,,1.01,,
JUDY,8/11/2015,0-15,60,NA,3,m,,1.009,,
JUDY,8/11/2015,0-15,60,NA,10,m,,1.007,,
JUDY,8/11/2015,0-15,60,NA,30,m,,1.006,,
JUDY,8/11/2015,0-15,60,NA,60,m,22,1.0055,1.0035,
JUDY,8/11/2015,0-15,60,NA,90,m,,1.005,,
JUDY,8/11/2015,0-15,60,NA,120,m,22,1.005,1.0035,
JUDY,8/11/2015,0-15,60,NA,1440,m,21.5,1.004,1.0035,
JUDY,8/11/2015,15-30,60,9:26:00 AM,0,s,22,,1.0045,
JUDY,8/11/2015,15-30,60,NA,30,s,,1.013,,
JUDY,8/11/2015,15-30,60,NA,60,s,,1.012,,
JUDY,8/11/2015,15-30,60,NA,3,m,,1.0105,,
JUDY,8/11/2015,15-30,60,NA,10,m,,1.009,,
JUDY,8/11/2015,15-30,60,NA,30,m,,1.007,,
JUDY,8/11/2015,15-30,60,NA,60,m,22,1.007,1.0035,
JUDY,8/11/2015,15-30,60,NA,90,m,,1.0065,,
JUDY,8/11/2015,15-30,60,NA,120,m,22,1.006,1.0035,
JUDY,8/11/2015,15-30,60,NA,1440,m,21.5,1.005,1.0035,
MOND,8/12/2015,4-7F,60,10:03:00 AM,0,s,21,,1.0030,
MOND,8/12/2015,4-7F,60,NA,30,s,,1.024,,
MOND,8/12/2015,4-7F,60,NA,60,s,,1.023,,
MOND,8/12/2015,4-7F,60,NA,3,m,,1.021,,
MOND,8/12/2015,4-7F,60,NA,10,m,,1.0175,,
MOND,8/12/2015,4-7F,60,NA,30,m,,1.016,,
MOND,8/12/2015,4-7F,60,NA,60,m,20.5,1.0145,1.0030,
MOND,8/12/2015,4-7F,60,NA,90,m,,1.013,,
MOND,8/12/2015,4-7F,60,NA,120,m,21,1.0125,1.0030,
MOND,8/12/2015,4-7F,60,NA,1440,m,20.5,1.009,1.0030,
MOND,8/12/2015,0-15,60,10:07:00 AM,0,s,21,,1.0030,
MOND,8/12/2015,0-15,60,NA,30,s,,1.017,,
MOND,8/12/2015,0-15,60,NA,60,s,,1.016,,
MOND,8/12/2015,0-15,60,NA,3,m,,1.014,,
MOND,8/12/2015,0-15,60,NA,10,m,,1.012,,
MOND,8/12/2015,0-15,60,NA,30,m,,1.01,,
MOND,8/12/2015,0-15,60,NA,60,m,20.5,1.0095,1.0030,
MOND,8/12/2015,0-15,60,NA,90,m,,1.009,,
MOND,8/12/2015,0-15,60,NA,120,m,21,1.009,1.0030,
MOND,8/12/2015,0-15,60,NA,1440,m,20.5,1.006,1.0030,
MOND,8/12/2015,15-30,60,10:12:00 AM,0,s,21,,1.0030,
MOND,8/12/2015,15-30,60,NA,30,s,,1.018,,
MOND,8/12/2015,15-30,60,NA,60,s,,1.0165,,
MOND,8/12/2015,15-30,60,NA,3,m,,1.0155,,
MOND,8/12/2015,15-30,60,NA,10,m,,1.0135,,
MOND,8/12/2015,15-30,60,NA,30,m,,1.011,,
MOND,8/12/2015,15-30,60,NA,60,m,20.5,1.0105,1.0030,
MOND,8/12/2015,15-30,60,NA,90,m,,1.01,,
MOND,8/12/2015,15-30,60,NA,120,m,21,1.01,1.0030,
MOND,8/12/2015,15-30,60,NA,1440,m,20.5,1.0075,1.0030,
FOGL,8/13/2015,4-7F,60,10:34:00 AM,0,s,21,,1.0030,
FOGL,8/13/2015,4-7F,60,NA,30,s,,1.02,,
FOGL,8/13/2015,4-7F,60,NA,60,s,,1.0185,,
FOGL,8/13/2015,4-7F,60,NA,3,m,,1.017,,
FOGL,8/13/2015,4-7F,60,NA,10,m,,1.0145,,
FOGL,8/13/2015,4-7F,60,NA,30,m,,1.012,,
FOGL,8/13/2015,4-7F,60,NA,60,m,21,1.011,1.0030,
FOGL,8/13/2015,4-7F,60,NA,90,m,,1.0105,,
FOGL,8/13/2015,4-7F,60,NA,120,m,22,1.01,1.0030,
FOGL,8/13/2015,4-7F,60,NA,1440,m,21.5,1.0075,1.0030,
FOGL,8/13/2015,0-15,60,10:38:00 AM,0,s,21,,1.0030,
FOGL,8/13/2015,0-15,60,NA,30,s,,1.025,,
FOGL,8/13/2015,0-15,60,NA,60,s,,1.0215,,
FOGL,8/13/2015,0-15,60,NA,3,m,,1.021,,
FOGL,8/13/2015,0-15,60,NA,10,m,,1.018,,
FOGL,8/13/2015,0-15,60,NA,30,m,,1.015,,
FOGL,8/13/2015,0-15,60,NA,60,m,21,1.013,1.0030,
FOGL,8/13/2015,0-15,60,NA,90,m,,1.0125,,
FOGL,8/13/2015,0-15,60,NA,120,m,22,1.0115,1.0030,
FOGL,8/13/2015,0-15,60,NA,1440,m,21.5,1.008,1.0030,
FOGL,8/13/2015,15-30,60,10:42:00 AM,0,s,21,,1.0030,
FOGL,8/13/2015,15-30,60,NA,30,s,,1.029,,
FOGL,8/13/2015,15-30,60,NA,60,s,,1.025,,
FOGL,8/13/2015,15-30,60,NA,3,m,,1.021,,
FOGL,8/13/2015,15-30,60,NA,10,m,,1.018,,
FOGL,8/13/2015,15-30,60,NA,30,m,,1.0155,,
FOGL,8/13/2015,15-30,60,NA,60,m,21,1.014,1.0030,
FOGL,8/13/2015,15-30,60,NA,90,m,,1.013,,
FOGL,8/13/2015,15-30,60,NA,120,m,22,1.0125,1.0030,
FOGL,8/13/2015,15-30,60,NA,1440,m,21.5,1.0085,1.0030,
DEAN,8/14/2015,4-7F,60,11:00:00 AM,0,s,22,,1.0030,
DEAN,8/14/2015,4-7F,60,NA,30,s,,1.008,,
DEAN,8/14/2015,4-7F,60,NA,60,s,,1.008,,
DEAN,8/14/2015,4-7F,60,NA,3,m,,1.0075,,
DEAN,8/14/2015,4-7F,60,NA,10,m,,1.007,,
DEAN,8/14/2015,4-7F,60,NA,30,m,,1.0065,,
DEAN,8/14/2015,4-7F,60,NA,60,m,21,1.006,1.0030,
DEAN,8/14/2015,4-7F,60,NA,90,m,,1.006,,
DEAN,8/14/2015,4-7F,60,NA,120,m,21,1.006,1.0030,
DEAN,8/14/2015,4-7F,60,NA,1440,m,20.5,1.005,1.0030,
DEAN,8/14/2015,0-15,60,11:02:00 AM,0,s,22,,1.0030,
DEAN,8/14/2015,0-15,60,NA,30,s,,1.0095,,
DEAN,8/14/2015,0-15,60,NA,60,s,,1.01,,
DEAN,8/14/2015,0-15,60,NA,3,m,,1.009,,
DEAN,8/14/2015,0-15,60,NA,10,m,,1.009,,
DEAN,8/14/2015,0-15,60,NA,30,m,,1.008,,
DEAN,8/14/2015,0-15,60,NA,60,m,21,1.0075,1.0030,
DEAN,8/14/2015,0-15,60,NA,90,m,,1.0075,,
DEAN,8/14/2015,0-15,60,NA,120,m,21,1.0075,1.0030,
DEAN,8/14/2015,0-15,60,NA,1440,m,20.5,1.0065,1.0030,
DEAN,8/14/2015,15-30,60,11:04:00 AM,0,s,22,,1.0030,
DEAN,8/14/2015,15-30,60,NA,30,s,,1.008,,
DEAN,8/14/2015,15-30,60,NA,60,s,,1.008,,
DEAN,8/14/2015,15-30,60,NA,3,m,,1.0075,,
DEAN,8/14/2015,15-30,60,NA,10,m,,1.007,,
DEAN,8/14/2015,15-30,60,NA,30,m,,1.0065,,
DEAN,8/14/2015,15-30,60,NA,60,m,21,1.0065,1.0030,
DEAN,8/14/2015,15-30,60,NA,90,m,,1.0065,,
DEAN,8/14/2015,15-30,60,NA,120,m,21,1.0065,1.0030,
DEAN,8/14/2015,15-30,60,NA,1440,m,20.5,1.005,1.0030,
TOMR,8/15/2015,4-7F,60,11:34:00 AM,0,s,21,,1.0030,
TOMR,8/15/2015,4-7F,60,NA,30,s,,1.025,,
TOMR,8/15/2015,4-7F,60,NA,60,s,,1.024,,
TOMR,8/15/2015,4-7F,60,NA,3,m,,1.023,,
TOMR,8/15/2015,4-7F,60,NA,10,m,,1.021,,
TOMR,8/15/2015,4-7F,60,NA,30,m,,1.019,,
TOMR,8/15/2015,4-7F,60,NA,60,m,21,1.018,1.0030,
TOMR,8/15/2015,4-7F,60,NA,90,m,,1.0175,,
TOMR,8/15/2015,4-7F,60,NA,120,m,21,1.017,1.0030,
TOMR,8/15/2015,4-7F,60,NA,1440,m,20,1.0135,1.0030,
TOMR,8/15/2015,0-15,60,11:38:00 AM,0,s,21,,1.0030,
TOMR,8/15/2015,0-15,60,NA,30,s,,1.028,,
TOMR,8/15/2015,0-15,60,NA,60,s,,1.0265,,
TOMR,8/15/2015,0-15,60,NA,3,m,,1.0255,,
TOMR,8/15/2015,0-15,60,NA,10,m,,1.023,,
TOMR,8/15/2015,0-15,60,NA,30,m,,1.021,,
TOMR,8/15/2015,0-15,60,NA,60,m,21,1.02,1.0030,
TOMR,8/15/2015,0-15,60,NA,90,m,,1.0185,,
TOMR,8/15/2015,0-15,60,NA,120,m,21,1.018,1.0030,
TOMR,8/15/2015,0-15,60,NA,1440,m,20,1.016,1.0030,
TOMR,8/15/2015,15-30,60,11:43:00 AM,0,s,21,,1.0030,
TOMR,8/15/2015,15-30,60,NA,30,s,,1.028,,
TOMR,8/15/2015,15-30,60,NA,60,s,,1.0265,,
TOMR,8/15/2015,15-30,60,NA,3,m,,1.0255,,
TOMR,8/15/2015,15-30,60,NA,10,m,,1.023,,
TOMR,8/15/2015,15-30,60,NA,30,m,,1.0215,,
TOMR,8/15/2015,15-30,60,NA,60,m,21,1.02,1.0030,
TOMR,8/15/2015,15-30,60,NA,90,m,,1.0195,,
TOMR,8/15/2015,15-30,60,NA,120,m,21,1.019,1.0030,
TOMR,8/15/2015,15-30,60,NA,1440,m,20,1.016,1.0030,
LIVE,8/16/2015,4-7F,60,11:56:00 AM,0,s,20,,1.0035,
LIVE,8/16/2015,4-7F,60,NA,30,s,,1.025,,
LIVE,8/16/2015,4-7F,60,NA,60,s,,1.024,,
LIVE,8/16/2015,4-7F,60,NA,3,m,,1.021,,
LIVE,8/16/2015,4-7F,60,NA,10,m,,1.019,,
LIVE,8/16/2015,4-7F,60,NA,30,m,,1.0165,,
LIVE,8/16/2015,4-7F,60,NA,60,m,20,1.0155,1.0035,
LIVE,8/16/2015,4-7F,60,NA,90,m,,1.026,,
LIVE,8/16/2015,4-7F,60,NA,120,m,20,1.0145,1.0035,
LIVE,8/16/2015,4-7F,60,NA,1440,m,20,1.011,1.0030,
LIVE,8/16/2015,0-15,60,11:58:00 AM,0,s,20,,1.0035,
LIVE,8/16/2015,0-15,60,NA,30,s,,1.028,,
LIVE,8/16/2015,0-15,60,NA,60,s,,1.026,,
LIVE,8/16/2015,0-15,60,NA,3,m,,1.0255,,
LIVE,8/16/2015,0-15,60,NA,10,m,,1.023,,
LIVE,8/16/2015,0-15,60,NA,30,m,,1.0195,,
LIVE,8/16/2015,0-15,60,NA,60,m,20,1.018,1.0035,
LIVE,8/16/2015,0-15,60,NA,90,m,,1.017,,
LIVE,8/16/2015,0-15,60,NA,120,m,20,1.016,1.0035,
LIVE,8/16/2015,0-15,60,NA,1440,m,20,1.0105,1.0030,
LIVE,8/16/2015,15-30,60,12:01:00 PM,0,s,20,,1.0035,
LIVE,8/16/2015,15-30,60,NA,30,s,,1.027,,
LIVE,8/16/2015,15-30,60,NA,60,s,,1.0265,,
LIVE,8/16/2015,15-30,60,NA,3,m,,1.026,,
LIVE,8/16/2015,15-30,60,NA,10,m,,1.023,,
LIVE,8/16/2015,15-30,60,NA,30,m,,1.021,,
LIVE,8/16/2015,15-30,60,NA,60,m,20,1.019,1.0035,
LIVE,8/16/2015,15-30,60,NA,90,m,,1.018,,
LIVE,8/16/2015,15-30,60,NA,120,m,20,1.017,1.0035,
LIVE,8/16/2015,15-30,60,NA,1440,m,20,1.0115,1.0030,
ALBA,8/17/2015,4-7F,60,12:24:00 PM,0,s,20.5,,1.0025,
ALBA,8/17/2015,4-7F,60,NA,30,s,,1.015,,
ALBA,8/17/2015,4-7F,60,NA,60,s,,1.0115,,
ALBA,8/17/2015,4-7F,60,NA,3,m,,1.0095,,
ALBA,8/17/2015,4-7F,60,NA,10,m,,1.0075,,
ALBA,8/17/2015,4-7F,60,NA,30,m,,1.0065,,
ALBA,8/17/2015,4-7F,60,NA,60,m,21,1.0055,1.0025,
ALBA,8/17/2015,4-7F,60,NA,90,m,,1.0055,,
ALBA,8/17/2015,4-7F,60,NA,120,m,21.5,1.005,1.0025,
ALBA,8/17/2015,4-7F,60,NA,1440,m,21,1.004,1.0025,
ALBA,8/17/2015,0-15,60,12:26:00 PM,0,s,20.5,,1.0025,
ALBA,8/17/2015,0-15,60,NA,30,s,,1.0145,,
ALBA,8/17/2015,0-15,60,NA,60,s,,1.0115,,
ALBA,8/17/2015,0-15,60,NA,3,m,,1.01,,
ALBA,8/17/2015,0-15,60,NA,10,m,,1.008,,
ALBA,8/17/2015,0-15,60,NA,30,m,,1.007,,
ALBA,8/17/2015,0-15,60,NA,60,m,21,1.0065,1.0025,
ALBA,8/17/2015,0-15,60,NA,90,m,,1.006,,
ALBA,8/17/2015,0-15,60,NA,120,m,21.5,1.006,1.0025,
ALBA,8/17/2015,0-15,60,NA,1440,m,21,1.0055,1.0025,
ALBA,8/17/2015,15-30,60,12:28:00 PM,0,s,20.5,,1.0025,
ALBA,8/17/2015,15-30,60,NA,30,s,,1.0155,,
ALBA,8/17/2015,15-30,60,NA,60,s,,1.013,,
ALBA,8/17/2015,15-30,60,NA,3,m,,1.0115,,
ALBA,8/17/2015,15-30,60,NA,10,m,,1.011,,
ALBA,8/17/2015,15-30,60,NA,30,m,,1.0085,,
ALBA,8/17/2015,15-30,60,NA,60,m,21,1.0075,1.0025,
ALBA,8/17/2015,15-30,60,NA,90,m,,1.0075,,
ALBA,8/17/2015,15-30,60,NA,120,m,21.5,1.007,1.0025,
ALBA,8/17/2015,15-30,60,NA,1440,m,21,1.0055,1.0025,
USDA,8/18/2015,4-7F,60,12:48:00 PM,0,s,21,,1.0035,
USDA,8/18/2015,4-7F,60,NA,30,s,,1.017,,
USDA,8/18/2015,4-7F,60,NA,60,s,,1.0155,,
USDA,8/18/2015,4-7F,60,NA,3,m,,1.014,,
USDA,8/18/2015,4-7F,60,NA,10,m,,1.0125,,
USDA,8/18/2015,4-7F,60,NA,30,m,,1.011,,
USDA,8/18/2015,4-7F,60,NA,60,m,21,1.01,1.0040,
USDA,8/18/2015,4-7F,60,NA,90,m,,1.0095,,
USDA,8/18/2015,4-7F,60,NA,120,m,20.5,1.009,1.0040,
USDA,8/18/2015,4-7F,60,NA,1440,m,21,1.006,1.0040,
USDA,8/18/2015,0-15,60,12:50:00 PM,0,s,21,,1.0035,
USDA,8/18/2015,0-15,60,NA,30,s,,1.013,,
USDA,8/18/2015,0-15,60,NA,60,s,,1.0125,,
USDA,8/18/2015,0-15,60,NA,3,m,,1.011,,
USDA,8/18/2015,0-15,60,NA,10,m,,1.009,,
USDA,8/18/2015,0-15,60,NA,30,m,,1.008,,
USDA,8/18/2015,0-15,60,NA,60,m,21,1.0075,1.0040,
USDA,8/18/2015,0-15,60,NA,90,m,,1.007,,
USDA,8/18/2015,0-15,60,NA,120,m,20.5,1.0065,1.0040,
USDA,8/18/2015,0-15,60,NA,1440,m,21,1.005,1.0040,
USDA,8/18/2015,15-30,60,12:52:00 PM,0,s,21,,1.0035,
USDA,8/18/2015,15-30,60,NA,30,s,,1.013,,
USDA,8/18/2015,15-30,60,NA,60,s,,1.011,,
USDA,8/18/2015,15-30,60,NA,3,m,,1.0095,,
USDA,8/18/2015,15-30,60,NA,10,m,,1.008,,
USDA,8/18/2015,15-30,60,NA,30,m,,1.007,,
USDA,8/18/2015,15-30,60,NA,60,m,21,1.0065,1.0040,
USDA,8/18/2015,15-30,60,NA,90,m,,1.0065,,
USDA,8/18/2015,15-30,60,NA,120,m,20.5,1.006,1.0040,
USDA,8/18/2015,15-30,60,NA,1440,m,21,1.005,1.0040,
ROYF,9/18/2015,4-7F,60,9:38:00 AM,0,s,22,,1.0030,
ROYF,9/18/2015,4-7F,60,NA,30,s,,1.0175,,
ROYF,9/18/2015,4-7F,60,NA,60,s,,1.0155,,
ROYF,9/18/2015,4-7F,60,NA,3,m,,1.012,,
ROYF,9/18/2015,4-7F,60,NA,10,m,,1.0105,,
ROYF,9/18/2015,4-7F,60,NA,30,m,,1.009,,
ROYF,9/18/2015,4-7F,60,NA,60,m,21.5,1.0085,1.0030,
ROYF,9/18/2015,4-7F,60,NA,90,m,,1.008,,
ROYF,9/18/2015,4-7F,60,NA,120,m,21,1.008,1.0030,
ROYF,9/18/2015,4-7F,60,NA,1440,m,20.5,1.006,1.0030,
ROYF,9/18/2015,0-15,60,9:40:00 AM,0,s,22,,1.0030,
ROYF,9/18/2015,0-15,60,NA,30,s,,1.015,,
ROYF,9/18/2015,0-15,60,NA,60,s,,1.013,,
ROYF,9/18/2015,0-15,60,NA,3,m,,1.0115,,
ROYF,9/18/2015,0-15,60,NA,10,m,,1.011,,
ROYF,9/18/2015,0-15,60,NA,30,m,,1.009,,
ROYF,9/18/2015,0-15,60,NA,60,m,21.5,1.005,1.0030,
ROYF,9/18/2015,0-15,60,NA,90,m,,1.008,,
ROYF,9/18/2015,0-15,60,NA,120,m,21,1.008,1.0030,
ROYF,9/18/2015,0-15,60,NA,1440,m,20.5,1.006,1.0030,
ROYF,9/18/2015,15-30,60,9:42:00 AM,0,s,22,,1.0030,
ROYF,9/18/2015,15-30,60,NA,30,s,,1.014,,
ROYF,9/18/2015,15-30,60,NA,60,s,,1.013,,
ROYF,9/18/2015,15-30,60,NA,3,m,,1.01,,
ROYF,9/18/2015,15-30,60,NA,10,m,,1.009,,
ROYF,9/18/2015,15-30,60,NA,30,m,,1.0085,,
ROYF,9/18/2015,15-30,60,NA,60,m,21.5,1.008,1.0030,
ROYF,9/18/2015,15-30,60,NA,90,m,,1.008,,
ROYF,9/18/2015,15-30,60,NA,120,m,21,1.0075,1.0030,
ROYF,9/18/2015,15-30,60,NA,1440,m,20.5,1.00575,1.0030,
CHAV,9/19/2015,4-7F,60,3:36:00 AM,0,s,20,,1.0030,
CHAV,9/19/2015,4-7F,60,NA,30,s,,1.016,,
CHAV,9/19/2015,4-7F,60,NA,60,s,,1.015,,
CHAV,9/19/2015,4-7F,60,NA,3,m,,1.0135,,
CHAV,9/19/2015,4-7F,60,NA,10,m,,1.011,,
CHAV,9/19/2015,4-7F,60,NA,30,m,,1.0105,,
CHAV,9/19/2015,4-7F,60,NA,60,m,20,1.01,1.0030,
CHAV,9/19/2015,4-7F,60,NA,90,m,,1.01,,
CHAV,9/19/2015,4-7F,60,NA,120,m,20,1.0095,1.0030,
CHAV,9/19/2015,4-7F,60,NA,1440,m,20,1.008,1.0030,
CHAV,9/19/2015,0-15,60,3:41:00 AM,0,s,20,,1.0030,
CHAV,9/19/2015,0-15,60,NA,30,s,,1.012,,
CHAV,9/19/2015,0-15,60,NA,60,s,,1.01,,
CHAV,9/19/2015,0-15,60,NA,3,m,,1.0105,,
CHAV,9/19/2015,0-15,60,NA,10,m,,1.009,,
CHAV,9/19/2015,0-15,60,NA,30,m,,1.0082,,
CHAV,9/19/2015,0-15,60,NA,60,m,20,1.008,1.0030,
CHAV,9/19/2015,0-15,60,NA,90,m,,1.0076,,
CHAV,9/19/2015,0-15,60,NA,120,m,20,1.0075,1.0030,
CHAV,9/19/2015,0-15,60,NA,1440,m,20,1.0065,1.0030,
CHAV,9/19/2015,15-30,60,3:52:00 AM,0,s,20,,1.0030,
CHAV,9/19/2015,15-30,60,NA,30,s,,1.0125,,
CHAV,9/19/2015,15-30,60,NA,60,s,,1.011,,
CHAV,9/19/2015,15-30,60,NA,3,m,,1.0105,,
CHAV,9/19/2015,15-30,60,NA,10,m,,1.0085,,
CHAV,9/19/2015,15-30,60,NA,30,m,,1.0076,,
CHAV,9/19/2015,15-30,60,NA,60,m,20,1.0075,1.0030,
CHAV,9/19/2015,15-30,60,NA,90,m,,1.007,,
CHAV,9/19/2015,15-30,60,NA,120,m,20,1.007,1.0030,
CHAV,9/19/2015,15-30,60,NA,1440,m,20,1.0054,1.0030,
ARDI,9/20/2015,4-7F,60,4:13:00 AM,0,s,23,,1.0020,
ARDI,9/20/2015,4-7F,60,NA,30,s,,1.0395,,
ARDI,9/20/2015,4-7F,60,NA,60,s,,1.038,,
ARDI,9/20/2015,4-7F,60,NA,3,m,,1.0365,,
ARDI,9/20/2015,4-7F,60,NA,10,m,,1.033,,
ARDI,9/20/2015,4-7F,60,NA,30,m,,1.0295,,
ARDI,9/20/2015,4-7F,60,NA,60,m,24,1.0265,1.0025,
ARDI,9/20/2015,4-7F,60,NA,90,m,,1.026,,
ARDI,9/20/2015,4-7F,60,NA,120,m,23,1.024,1.0000,
ARDI,9/20/2015,4-7F,60,NA,1440,m,23,1.018,1.0000,
ARDI,9/20/2015,0-15,60,4:17:00 AM,0,s,23,,1.0020,
ARDI,9/20/2015,0-15,60,NA,30,s,,1.0385,,
ARDI,9/20/2015,0-15,60,NA,60,s,,1.0375,,
ARDI,9/20/2015,0-15,60,NA,3,m,,1.0355,,
ARDI,9/20/2015,0-15,60,NA,10,m,,1.0315,,
ARDI,9/20/2015,0-15,60,NA,30,m,,1.028,,
ARDI,9/20/2015,0-15,60,NA,60,m,24,1.025,1.0025,
ARDI,9/20/2015,0-15,60,NA,90,m,,1.0235,,
ARDI,9/20/2015,0-15,60,NA,120,m,23,1.0225,1.0000,
ARDI,9/20/2015,0-15,60,NA,1440,m,23,1.017,1.0000,
ARDI,9/20/2015,15-30,60,4:25:00 AM,0,s,23,,1.0020,
ARDI,9/20/2015,15-30,60,NA,30,s,,1.039,,
ARDI,9/20/2015,15-30,60,NA,60,s,,1.0365,,
ARDI,9/20/2015,15-30,60,NA,3,m,,1.0355,,
ARDI,9/20/2015,15-30,60,NA,10,m,,1.0325,,
ARDI,9/20/2015,15-30,60,NA,30,m,,1.0285,,
ARDI,9/20/2015,15-30,60,NA,60,m,24,1.026,1.0025,
ARDI,9/20/2015,15-30,60,NA,90,m,,1.0245,,
ARDI,9/20/2015,15-30,60,NA,120,m,23,1.0235,1.0000,
ARDI,9/20/2015,15-30,60,NA,1440,m,23,1.018,1.0000,
LEON,9/21/2015,4-7F,60,4:23:00 AM,0,s,20,,1.0030,
LEON,9/21/2015,4-7F,60,NA,30,s,,1.019,,
LEON,9/21/2015,4-7F,60,NA,60,s,,1.0185,,
LEON,9/21/2015,4-7F,60,NA,3,m,,1.0145,,
LEON,9/21/2015,4-7F,60,NA,10,m,,1.008,,
LEON,9/21/2015,4-7F,60,NA,30,m,,1.0095,,
LEON,9/21/2015,4-7F,60,NA,60,m,20,1.0085,1.0030,
LEON,9/21/2015,4-7F,60,NA,90,m,,1.0084,,
LEON,9/21/2015,4-7F,60,NA,120,m,20,1.0075,1.0030,
LEON,9/21/2015,4-7F,60,NA,1440,m,20.5,1.0055,1.0030,
LEON,9/21/2015,0-15,60,4:28:00 AM,0,s,20,,1.0030,
LEON,9/21/2015,0-15,60,NA,30,s,,1.011,,
LEON,9/21/2015,0-15,60,NA,60,s,,1.0105,,
LEON,9/21/2015,0-15,60,NA,3,m,,1.009,,
LEON,9/21/2015,0-15,60,NA,10,m,,1.0075,,
LEON,9/21/2015,0-15,60,NA,30,m,,1.0065,,
LEON,9/21/2015,0-15,60,NA,60,m,20,1.006,1.0030,
LEON,9/21/2015,0-15,60,NA,90,m,,1.006,,
LEON,9/21/2015,0-15,60,NA,120,m,20,1.006,1.0030,
LEON,9/21/2015,0-15,60,NA,1440,m,20.5,1.005,1.0030,
LEON,9/21/2015,15-30,60,4:34:00 AM,0,s,20,,1.0030,
LEON,9/21/2015,15-30,60,NA,30,s,,1.011,,
LEON,9/21/2015,15-30,60,NA,60,s,,1.0105,,
LEON,9/21/2015,15-30,60,NA,3,m,,1.0085,,
LEON,9/21/2015,15-30,60,NA,10,m,,1.0075,,
LEON,9/21/2015,15-30,60,NA,30,m,,1.007,,
LEON,9/21/2015,15-30,60,NA,60,m,20,1.0065,1.0030,
LEON,9/21/2015,15-30,60,NA,90,m,,1.006,,
LEON,9/21/2015,15-30,60,NA,120,m,20,1.006,1.0030,
LEON,9/21/2015,15-30,60,NA,1440,m,20.5,1.005,1.0030,
TARP,9/22/2015,4-7F,60,4:46:00 AM,0,s,20.5,,1.0030,
TARP,9/22/2015,4-7F,60,NA,30,s,,1.022,,
TARP,9/22/2015,4-7F,60,NA,60,s,,1.0205,,
TARP,9/22/2015,4-7F,60,NA,3,m,,1.0175,,
TARP,9/22/2015,4-7F,60,NA,10,m,,1.014,,
TARP,9/22/2015,4-7F,60,NA,30,m,,1.0115,,
TARP,9/22/2015,4-7F,60,NA,60,m,20.5,1.0105,1.0030,
TARP,9/22/2015,4-7F,60,NA,90,m,,1.01,,
TARP,9/22/2015,4-7F,60,NA,120,m,21.5,1.0095,1.0030,
TARP,9/22/2015,4-7F,60,NA,1440,m,20,1.007,1.0030,
TARP,9/22/2015,0-15,60,4:49:00 AM,0,s,20.5,,1.0030,
TARP,9/22/2015,0-15,60,NA,30,s,,1.023,,
TARP,9/22/2015,0-15,60,NA,60,s,,1.021,,
TARP,9/22/2015,0-15,60,NA,3,m,,1.018,,
TARP,9/22/2015,0-15,60,NA,10,m,,1.0155,,
TARP,9/22/2015,0-15,60,NA,30,m,,1.0115,,
TARP,9/22/2015,0-15,60,NA,60,m,20.5,1.01,1.0030,
TARP,9/22/2015,0-15,60,NA,90,m,,1.01,,
TARP,9/22/2015,0-15,60,NA,120,m,21.5,1.0095,1.0030,
TARP,9/22/2015,0-15,60,NA,1440,m,20,1.0065,1.0030,
TARP,9/22/2015,15-30,60,4:52:00 AM,0,s,20.5,,1.0030,
TARP,9/22/2015,15-30,60,NA,30,s,,1.0245,,
TARP,9/22/2015,15-30,60,NA,60,s,,1.024,,
TARP,9/22/2015,15-30,60,NA,3,m,,1.019,,
TARP,9/22/2015,15-30,60,NA,10,m,,1.015,,
TARP,9/22/2015,15-30,60,NA,30,m,,1.012,,
TARP,9/22/2015,15-30,60,NA,60,m,20.5,1.0105,1.0030,
TARP,9/22/2015,15-30,60,NA,90,m,,1.01,,
TARP,9/22/2015,15-30,60,NA,120,m,21.5,1.0095,1.0030,
TARP,9/22/2015,15-30,60,NA,1440,m,20,1.0065,1.0030,
JAVI,9/23/2015,4-7F,60,5:03:00 AM,0,s,21,,1.0015,
JAVI,9/23/2015,4-7F,60,NA,30,s,,1.01,,
JAVI,9/23/2015,4-7F,60,NA,60,s,,1.009,,
JAVI,9/23/2015,4-7F,60,NA,3,m,,1.007,,
JAVI,9/23/2015,4-7F,60,NA,10,m,,1.0055,,
JAVI,9/23/2015,4-7F,60,NA,30,m,,1.0045,,
JAVI,9/23/2015,4-7F,60,NA,60,m,20.5,1.004,1.0015,
JAVI,9/23/2015,4-7F,60,NA,90,m,,1.0035,,
JAVI,9/23/2015,4-7F,60,NA,120,m,21,1.0045,1.0015,
JAVI,9/23/2015,4-7F,60,NA,1440,m,20.5,1.0025,1.0010,
JAVI,9/23/2015,0-15,60,5:05:00 AM,0,s,21,,1.0015,
JAVI,9/23/2015,0-15,60,NA,30,s,,1.016,,
JAVI,9/23/2015,0-15,60,NA,60,s,,1.0155,,
JAVI,9/23/2015,0-15,60,NA,3,m,,1.013,,
JAVI,9/23/2015,0-15,60,NA,10,m,,1.0105,,
JAVI,9/23/2015,0-15,60,NA,30,m,,1.0105,,
JAVI,9/23/2015,0-15,60,NA,60,m,20.5,1.009,1.0015,
JAVI,9/23/2015,0-15,60,NA,90,m,,1.0085,,
JAVI,9/23/2015,0-15,60,NA,120,m,21,1.0085,1.0015,
JAVI,9/23/2015,0-15,60,NA,1440,m,20.5,1.007,1.0010,
JAVI,9/23/2015,15-30,60,5:07:00 AM,0,s,21,,1.0015,
JAVI,9/23/2015,15-30,60,NA,30,s,,1.0155,,
JAVI,9/23/2015,15-30,60,NA,60,s,,1.015,,
JAVI,9/23/2015,15-30,60,NA,3,m,,1.013,,
JAVI,9/23/2015,15-30,60,NA,10,m,,1.011,,
JAVI,9/23/2015,15-30,60,NA,30,m,,1.011,,
JAVI,9/23/2015,15-30,60,NA,60,m,20.5,1.009,1.0015,
JAVI,9/23/2015,15-30,60,NA,90,m,,1.009,,
JAVI,9/23/2015,15-30,60,NA,120,m,21,1.0085,1.0015,
JAVI,9/23/2015,15-30,60,NA,1440,m,20.5,1.007,1.0010,
,,,,,,,,,,
,,,,,,,,,,
,,,,,,,,,,
,,,,,,,,,,
,,,,,,,,,,
,,,,,,,,,,
,,,,,,,,,,
,,,,,,,,,,
,,,,,,,,,,
,,,,,,,,,,
,,,,,,,,,,
,,,,,,,,,,
,,,,,,,,,,
,,,,,,,,,,
,,,,,,,,,,
,,,,,,,,,,
,,,,,,,,,,
,,,,,,,,,,
,,,,,,,,,,
,,,,,,,,,,
,,,,,,,,,,
,,,,,,,,,,
,,,,,,,,,,
,,,,,,,,,,
,,,,,,,,,,
,,,,,,,,,,
,,,,,,,,,,
,,,,,,,,,,
,,,,,,,,,,
,,,,,,,,,,
